word,freq
private,120
bedroom,106
home,92
room,76
beach,73
condo,66
downtown,56
cozy,53
near,53
modern,49
ocean,49
park,48
spacious,47
apt,46
luxury,46
suite,46
view,44
new,42
apartment,41
pool,41
views,41
house,36
bath,33
beautiful,33
parking,31
bed,30
studio,28
walk,28
charming,26
close,26
retreat,26
floor,25
location,24
east,23
city,22
loft,22
gorgeous,21
manhattan,21
great,20
heart,20
bright,19
guest,19
sleeps,19
west,19
brooklyn,18
central,18
hollywood,18
maui,18
min,18
steps,18
two,18
austin,17
oasis,17
historic,16
lake,16
oceanfront,16
resort,16
villa,16
cottage,15
front,15
quiet,15
renovated,15
unit,15
away,14
bathroom,14
bungalow,14
garden,14
getaway,14
king,14
nashville,14
nyc,14
one,14
patio,14
rooftop,14
shared,14
beds,13
free,13
large,13
stunning,13
townhouse,13
deck,12
gem,12
kitchen,12
newly,12
north,12
perfect,12
venice,12
village,12
amazing,11
best,11
clean,11
comfy,11
friendly,11
lovely,11
penthouse,11
place,11
queen,11
side,11
wifi,11
family,10
hot,10
kai,10
minutes,10
remodeled,10
style,10
travis,10
waikiki,10
area,9
balcony,9
bdr,9
brand,9
bushwick,9
everything,9
hotel,9
huge,9
music,9
san,9
street,9
sunny,9
yard,9
airport,8
bdrm,8
blocks,8
diego,8
double,8
entrance,8
gym,8
hill,8
hills,8
kaanapali,8
outdoor,8
skyline,8
south,8
spa,8
space,8
stylish,8
town,8
tub,8
uptown,8
ave,7
backyard,7
broadway,7
building,7
chic,7
club,7
duplex,7
hideaway,7
kamaole,7
kihei,7
lax,7
paradise,7
sands,7
seattle,7
spanish,7
top,7
victorian,7
villas,7
bay,6
beachfront,6
big,6
classic,6
entire,6
full,6
golf,6
guesthouse,6
high,6
just,6
laundry,6
los,6
luxurious,6
mins,6
neighborhood,6
pacific,6
shore,6
sunset,6
townhome,6
upper,6
williamsburg,6
wpool,6
â¤ï¸,6
angeles,5
blue,5
bourbon,5
charles,5
deluxe,5
district,5
elegant,5
flat,5
fully,5
fun,5
harlem,5
kahana,5
lanai,5
lincoln,5
little,5
living,5
located,5
mission,5
monthly,5
old,5
pad,5
palm,5
plantation,5
professionally,5
sleek,5
slope,5
square,5
stadium,5
stay,5
stays,5
subway,5
sweet,5
valley,5
value,5
waikoloa,5
across,4
amenity,4
artist,4
arts,4
banyan,4
bdba,4
beacon,4
bedbath,4
blueground,4
casa,4
centrally,4
coastal,4
denver,4
designer,4
dream,4
drive,4
entry,4
escape,4
estate,4
garage,4
hale,4
haven,4
heated,4
heights,4
hip,4
kona,4
light,4
line,4
mid,4
midcentury,4
next,4
noe,4
nola,4
office,4
peaceful,4
prime,4
queens,4
rentals,4
rise,4
rooms,4
sextant,4
single,4
special,4
story,4
streetcar,4
super,4
superior,4
train,4
trendy,4
untitled,4
vista,4
walkable,4
warm,4
zen,4
â˜…,4
aloha,3
astoria,3
authentic,3
available,3
bar,3
bbq,3
bedrooms,3
block,3
brba,3
breakfast,3
breathtaking,3
bus,3
car,3
charm,3
charmer,3
cheerful,3
comfortable,3
contemporary,3
convenient,3
convention,3
cool,3
course,3
cove,3
cute,3
domain,3
easy,3
echo,3
fabulous,3
farmhouse,3
five,3
freemancharming,3
french,3
furnished,3
gated,3
ground,3
hawaii,3
hawaiian,3
hidden,3
hillside,3
hyde,3
italy,3
jewel,3
kapalua,3
kul,3
long,3
luana,3
mansion,3
marigny,3
master,3
midtown,3
mile,3
nash,3
onebedroom,3
orleans,3
palms,3
panoramic,3
pasadena,3
pet,3
poipu,3
porch,3
quarter,3
ranch,3
relax,3
relaxing,3
restaurants,3
right,3
safe,3
serene,3
shops,3
shores,3
sky,3
sleep,3
sofi,3
sqft,3
staycation,3
stop,3
suites,3
tropical,3
university,3
updated,3
vacation,3
visit,3
wailea,3
washerdryer,3
water,3
whale,3
wicker,3
work,3
wprivate,3
wyndham,3
york,3
â˜†,3
ğŸ,3
access,2
adorable,2
airbnb,2
airy,2
ala,2
artsy,2
atx,2
balconies,2
bali,2
beaches,2
bedba,2
bedstuy,2
bnb,2
boho,2
boston,2
boutique,2
brandywine,2
breezy,2
brick,2
brighton,2
bring,2
bronx,2
bronzeville,2
built,2
burbank,2
cabana,2
cabin,2
california,2
camelback,2
campus,2
canal,2
capitol,2
carson,2
casita,2
center,2
centr,2
class,2
collection,2
columbia,2
compound,2
condos,2
congress,2
creek,2
creole,2
culver,2
custom,2
day,2
dorm,2
dreaming,2
dtla,2
dwntwn,2
elegance,2
equipped,2
executive,2
familyfriendly,2
famous,2
fast,2
forum,2
freshly,2
get,2
glendale,2
grand,2
greene,2
greenpoint,2
halii,2
highrise,2
highspeed,2
hilltop,2
hilo,2
hostel,2
hottub,2
ilikai,2
included,2
incredible,2
inglewood,2
island,2
jfk,2
jungle,2
karaoke,2
kauai,2
kuhio,2
lady,2
level,2
lga,2
like,2
logan,2
lola,2
lounge,2
luxe,2
market,2
mccormick,2
mcm,2
melrose,2
mesa,2
miles,2
monica,2
nook,2
nov,2
oak,2
oaks,2
option,2
parkingsleeps,2
petfriendly,2
photographers,2
pit,2
point,2
points,2
posh,2
premier,2
prospect,2
pvt,2
rail,2
ready,2
redondo,2
rent,2
rental,2
residential,2
ridge,2
river,2
roof,2
roofdeck,2
roomshared,2
roomy,2
rose,2
row,2
royal,2
sanctuary,2
sand,2
sanitizedwaikiki,2
sauna,2
scandinavian,2
sea,2
see,2
separate,2
serenity,2
shopping,2
short,2
size,2
soma,2
sonder,2
spectacular,2
spot,2
standard,2
state,2
station,2
student,2
students,2
sugar,2
sunsets,2
superb,2
surf,2
tennis,2
thth,2
times,2
toothbrush,2
tower,2
ues,2
union,2
unique,2
unwind,2
upgraded,2
upstairs,2
uws,2
vibrant,2
walking,2
washington,2
watching,2
waterfront,2
wbalcony,2
weho,2
welcoming,2
westin,2
westwood,2
wfree,2
woolworth,2
wrigley,2
wyn,2
yet,2
zencity,2
â€”,2
â™«,2
ğŸ ,2
ğŸ’«,2
abode,1
acclose,1
acdvdâ€“halii,1
acl,1
acresguesthouse,1
action,1
adina,1
adjacent,1
adjoined,1
adults,1
adventure,1
affordable,1
agave,1
air,1
airbeverly,1
airportracetrackconcurse,1
airportssubway,1
airtrain,1
akahi,1
alki,1
altadena,1
amazon,1
ambience,1
amenities,1
americana,1
amin,1
andersonville,1
angeleno,1
anini,1
anne,1
annex,1
antique,1
apartmentwasherdryergarage,1
aptâ€“,1
aptï¿¨rooftop,1
architectural,1
armani,1
arroyo,1
artists,1
aston,1
atomic,1
attend,1
attic,1
austins,1
avantstay,1
avegarden,1
awaits,1
award,1
awesome,1
awesomely,1
azusa,1
back,1
backstage,1
bagels,1
balboa,1
balconyloft,1
balconyst,1
baldwin,1
baritone,1
bars,1
bart,1
barton,1
basecamp,1
basementseparate,1
bathcentral,1
bathout,1
bathrooms,1
baths,1
bathâ˜…best,1
bayview,1
bdbagym,1
bdrms,1
bdrs,1
beachbay,1
beachboy,1
beachcoast,1
beachhouselarge,1
beachsummer,1
bear,1
beautifully,1
beauty,1
bedrm,1
bedrmbathin,1
bedroombathroom,1
bedroomsbathbedsrecliners,1
bedsparkingsuper,1
bedsâ˜…gulch,1
bel,1
belmont,1
bend,1
bennett,1
bethroom,1
bettys,1
beverly,1
beverlywood,1
bfast,1
bfn,1
bicycle,1
bigroom,1
bike,1
bikes,1
bird,1
bklyn,1
bliss,1
blu,1
blvd,1
boards,1
boat,1
bookmans,1
books,1
bouldin,1
bound,1
bowl,1
brbath,1
breathtakingocean,1
breeze,1
brewery,1
brexclusive,1
brfb,1
brheart,1
bridgeport,1
broad,1
brooks,1
brownstone,1
bucktown,1
budget,1
build,1
bungalows,1
bunk,1
business,1
bustling,1
bywater,1
camp,1
camper,1
can,1
canyon,1
cap,1
carriage,1
cars,1
cash,1
casino,1
castle,1
catalina,1
cbd,1
ceilings,1
celestial,1
centerzoogaslampbeach,1
centraleverythingnew,1
century,1
champion,1
chateaux,1
cheesman,1
chelsea,1
chicago,1
chilled,1
chinatown,1
christmas,1
chumble,1
cindyâ€™s,1
citifield,1
citynear,1
citynorth,1
citys,1
cleaned,1
cleanprofessional,1
cleanğŸ–ï¸ğŸš,1
cliffside,1
cln,1
coast,1
coconut,1
coffee,1
cole,1
colony,1
colorful,1
comfort,1
comforts,1
comfortâ€¢,1
community,1
con,1
condoeasy,1
condofull,1
condoin,1
condopatio,1
conveniently,1
corn,1
corner,1
cosmo,1
country,1
court,1
courtyard,1
covina,1
craftsman,1
creative,1
crisp,1
croix,1
crown,1
crows,1
csun,1
ctrso,1
cuarto,1
cuernavaca,1
dajour,1
dam,1
darling,1
days,1
deal,1
dec,1
decor,1
den,1
design,1
designed,1
dia,1
diamond,1
dining,1
direct,1
directly,1
discount,1
disinfected,1
dist,1
distance,1
distancing,1
dog,1
dolly,1
dolores,1
domino,1
door,1
doorsğŸšªparking,1
dormitory,1
downstairs,1
downstate,1
downtn,1
driveway,1
dstfrch,1
dumaine,1
dusable,1
dwntn,1
dwtn,1
dâ€™arnelle,1
eastside,1
eat,1
eateries,1
eating,1
eats,1
eclectic,1
economy,1
edge,1
edwardian,1
efficiency,1
ekahi,1
elmo,1
elysian,1
emma,1
empire,1
enclave,1
encore,1
end,1
endless,1
endunit,1
energy,1
enjoy,1
epic,1
equippedac,1
espadÃ­n,1
esplanade,1
esunrise,1
eternal,1
every,1
everythingfree,1
eveâ€™s,1
exclusive,1
explore,1
explorerelax,1
exposed,1
exquisite,1
fab,1
facing,1
fame,1
fantastic,1
farm,1
featured,1
feel,1
feet,1
feliz,1
fem,1
femeninaonly,1
fenced,1
field,1
financial,1
fire,1
fireplacenetflixparkingâ™¥,1
first,1
flatbush,1
flocean,1
floors,1
flr,1
flushing,1
food,1
foot,1
forest,1
fortress,1
four,1
franciscos,1
freedom,1
freemancozy,1
frenchmen,1
frequently,1
fridge,1
frontage,1
fullhouse,1
gallatin,1
gardens,1
gas,1
gaslamp,1
gate,1
gateway,1
gaze,1
gazebo,1
gear,1
gemlarge,1
general,1
gentillygem,1
georgetownhouse,1
germantown,1
ggpark,1
gibson,1
girly,1
gladness,1
glamour,1
gold,1
golden,1
golfoceanmountain,1
good,1
graduate,1
gramercy,1
grant,1
green,1
greens,1
grill,1
grillsurf,1
groove,1
groundfloor,1
groups,1
guesthousebedsofabedbeachğŸ–laxâœˆï¸airforcebase,1
guestroomyour,1
guests,1
gymroof,1
gypset,1
gypsy,1
habitaciÃ³n,1
hacienda,1
hai,1
halehoola,1
hallway,1
hanalei,1
hancock,1
happy,1
harmonic,1
harmony,1
hawkins,1
headlands,1
heating,1
heb,1
henry,1
henrys,1
hibiscus,1
hideawaycozy,1
hideaways,1
highend,1
hillcrest,1
hillsboro,1
hilton,1
history,1
hkingdom,1
hokulani,1
hole,1
holiday,1
hollywoods,1
homes,1
homesafe,1
homeupdated,1
homey,1
homeyour,1
homeâ€¢jacuzziâ€¢enclosed,1
honaunau,1
honda,1
honokowai,1
honolulu,1
honua,1
hospital,1
hospitals,1
hotspot,1
houseeast,1
housemira,1
houses,1
housing,1
htsnorth,1
hub,1
hubparkinglarge,1
hudson,1
hundreds,1
huston,1
hut,1
ideal,1
immaculate,1
indoor,1
industry,1
ingredients,1
inn,1
innâ€™s,1
insidekeyless,1
internet,1
intl,1
iris,1
irving,1
jackson,1
jacuzziall,1
jan,1
japanese,1
jauntï¿¨magnificent,1
jfkone,1
joy,1
jung,1
kalapana,1
kaloli,1
key,1
kgv,1
killer,1
kingsuite,1
kitchenette,1
kitchenfree,1
klvrhonua,1
krstunning,1
kutkave,1
kuulei,1
laaloalove,1
lafayette,1
lagniappe,1
lagoon,1
lahaina,1
lakeway,1
lamar,1
lanaiâ€“kamaole,1
lane,1
lani,1
lanikai,1
last,1
launching,1
laus,1
lawai,1
laâ—‡,1
leafy,1
lealea,1
lehua,1
lexington,1
library,1
life,1
lifestyle,1
lined,1
linemin,1
lit,1
live,1
local,1
locallyrooted,1
locationnear,1
locations,1
lofts,1
log,1
lohi,1
loma,1
loop,1
lorimer,1
lots,1
lourve,1
lovelyncozy,1
lower,1
loyola,1
lux,1
lymans,1
mac,1
mag,1
magazine,1
magic,1
magical,1
magnificent,1
magnolia,1
mahana,1
majesty,1
makaha,1
makai,1
makalea,1
makani,1
makuu,1
malibu,1
manhattanrm,1
manor,1
mar,1
marias,1
marin,1
marriott,1
marriotts,1
mass,1
massive,1
masterbedroom,1
masters,1
maurice,1
mauriceâ€™s,1
mayor,1
mdr,1
mdrn,1
meadows,1
med,1
medical,1
mellow,1
melrosefairfaxweho,1
memories,1
menehune,1
metro,1
michaels,1
midmanhattan,1
midtowndowntown,1
mil,1
milan,1
mini,1
minimum,1
minute,1
mira,1
miss,1
missionvalley,1
mississippi,1
mnthâ€¢luxâ€¢student,1
moana,1
moma,1
moment,1
monte,1
monterey,1
month,1
montlake,1
moon,1
mosaics,1
motherinlaw,1
motorhome,1
mott,1
mountain,1
mrmin,1
msg,1
mueller,1
mulholland,1
murphy,1
mystayla,1
naftel,1
naples,1
nashvegas,1
nashvegasğŸ’«awaits,1
nashvillepet,1
nations,1
natural,1
neat,1
needle,1
nest,1
netflix,1
never,1
nice,1
night,1
nightlife,1
nlamar,1
noel,1
noho,1
nomad,1
normal,1
oceanview,1
oceanviews,1
oct,1
ohana,1
ohare,1
ohau,1
olina,1
open,1
opt,1
opulent,1
orchard,1
original,1
outside,1
outstanding,1
overlooking,1
oâ€™hare,1
paamalu,1
painted,1
pakalana,1
palace,1
palisades,1
pamplemousse,1
paniolo,1
parakeet,1
parkingcablefastwifi,1
parkingmore,1
parkingwifi,1
parkingâ­,1
parkold,1
parks,1
part,1
patiobbq,1
patiogrill,1
patios,1
pea,1
peace,1
peloton,1
peninsula,1
penn,1
peopleprivate,1
peppertree,1
perks,1
petite,1
photo,1
picturesque,1
pike,1
pilsen,1
pink,1
piravte,1
pizza,1
platt,1
play,1
playa,1
playroom,1
pleasant,1
plush,1
polo,1
poolhot,1
pools,1
poolside,1
poolâ˜…â˜…,1
pop,1
praline,1
pre,1
presidential,1
press,1
pretty,1
printing,1
privacy,1
privado,1
privatecomfortable,1
professionals,1
project,1
proof,1
property,1
proximity,1
prvtbalconyshrrooftop,1
qtr,1
quaint,1
quarters,1
quite,1
railã€Œè®²ä¸­æ–‡ã€,1
ramp,1
rebirth,1
recent,1
recharge,1
red,1
redamo,1
reduced,1
rehab,1
rejuvenation,1
relaxed,1
remarkably,1
remote,1
remotely,1
reno,1
required,1
rest,1
restored,1
retro,1
revival,1
rhinestone,1
rhythm,1
ride,1
riverbend,1
riverfront,1
riverview,1
riverğŸ¶ğŸ±ğŸ’›,1
rmd,1
roch,1
rockaway,1
romantic,1
rooftops,1
roombath,1
roomfull,1
roomtvac,1
roosevelt,1
rosa,1
roscoe,1
rosedale,1
royale,1
russell,1
rustys,1
safest,1
safety,1
sanatheatre,1
sanctuaryminutes,1
sandbikesboogie,1
sandy,1
sanitized,1
sanitizedbd,1
sanitizedprivatesafe,1
sanitizedroyal,1
sanitizedtropical,1
santa,1
santorini,1
scarritt,1
scenic,1
screen,1
sealodge,1
seaport,1
seaview,1
secluded,1
seconds,1
service,1
sexyelegant,1
sfnear,1
shelby,1
shellys,1
sheratonhilton,1
sherman,1
shop,1
shotgun,1
sightseeing,1
sign,1
silver,1
silverlake,1
simple,1
simply,1
singer,1
site,1
sites,1
sitton,1
six,1
sized,1
smart,1
sml,1
social,1
soho,1
solar,1
solitude,1
solo,1
sophisticated,1
spaces,1
spacew,1
spaciousvery,1
spartanette,1
speed,1
splitlevel,1
sporting,1
sports,1
spots,1
sprawling,1
springs,1
star,1
starz,1
staypineapple,1
staysfilm,1
step,1
stocked,1
stops,1
str,1
studios,1
studioğŸŒŸ,1
study,1
styled,1
suitenear,1
suitepatio,1
suiteâ€”hollywood,1
sunlit,1
sunniest,1
sunshine,1
sunsoaked,1
suny,1
superhost,1
surfers,1
susan,1
sutra,1
sxsw,1
sylvan,1
take,1
tchoupitoulas,1
tech,1
temple,1
tennessee,1
terrace,1
terrance,1
terranea,1
thang,1
theater,1
theme,1
theo,1
thirtynola,1
tiny,1
tinyhome,1
tobacco,1
toluca,1
topanga,1
touwu,1
towerclose,1
townâ˜…,1
traditional,1
trailer,1
trainbuses,1
trains,1
transit,1
travelers,1
travista,1
tree,1
treehouse,1
trees,1
treetop,1
tubs,1
tudor,1
tulane,1
tulanesteps,1
turtle,1
turtles,1
twins,1
twobedroom,1
ucla,1
uclasanta,1
ultra,1
unforgetable,1
uni,1
universal,1
updates,1
upscale,1
urban,1
ursulines,1
usc,1
utdowntown,1
vacationing,1
val,1
valence,1
vax,1
venicebeachsteps,1
versailles,1
vibe,1
vibes,1
vibey,1
viewopt,1
viewstep,1
viewswell,1
villagevandy,1
vintage,1
vogue,1
wailua,1
waimea,1
waipouli,1
wair,1
wall,1
walton,1
wanderjaunt,1
war,1
warehouse,1
wash,1
watch,1
waterfrontaustin,1
waustin,1
wbarn,1
wbathroom,1
wdgreat,1
weeks,1
wek,1
well,1
wellequipped,1
wexclusive,1
wfire,1
wfull,1
wgolf,1
whales,1
whitebrush,1
whittiercity,1
whse,1
wild,1
willyburg,1
windy,1
winning,1
without,1
wlanai,1
wlarge,1
wmodern,1
women,1
womens,1
workstaycation,1
worldmark,1
woutdoor,1
wparking,1
wparkingclose,1
wtheater,1
xmas,1
yards,1
years,1
yukimiso,1
zilker,1
zoo,1
Ê»oliÊ»oli,1
â€“,1
â€”fab,1
â€œlâ€,1
â€¢total,1
â—‡delightful,1
â˜…allseason,1
â˜…â˜…highclass,1
â˜†cama,1
â™¥modern,1
â™¥ï¸,1
â›±ï¸ğŸŒŠwestside,1
âœ…,1
âœ¨one,1
â¤,1
â­,1
â­ï¸,1
â­ï¸â­ï¸â­ï¸â­ï¸â­ï¸,1
å…¨æ¥¼ç¦çƒŸac,1
ç‹¬ç«‹æˆ¿,1
è±ªåå¥—é—´,1
è¶…å¤§åŒäººåºŠï¼Œå®‰é™èˆ’é€‚çš„ç¯å¢ƒï¼Œæ¸©æš–å¦‚å®¶ï¼,1
è¿‘å–œæ¥ç™»å¸Œå°”é¡¿é…’åº—,1
é’»çŸ³å§äº”æˆ¿æµ´ç‹¬æ ‹æˆ¿ç‹¬äº¨æ‰€æœ‰ç©ºé—´,1
ğŸŒŠmission,1
ğŸŒŸcozy,1
ğŸŒµserene,1
ğŸ¡,1
ğŸ³ï¸â€ğŸŒˆ,1
ğŸ’,1
ğŸ˜Œ,1
ğŸš€,1
ğŸš—,1
